<?xml version="1.0" encoding="UTF-8" ?>
<!DOCTYPE mapper
        PUBLIC "-//mybatis.org//DTD Mapper 3.0//EN"
        "https://mybatis.org/dtd/mybatis-3-mapper.dtd">
<mapper namespace="com.sisp.dao.UserEntityMapper">
    <resultMap id="BaseResultMap" type="com.sisp.entity.UserEntity">
        <!--
              WARNING - @mbg.generated
              This element is automatically generated by MyBatis Generator, do not modify.
             -->
        <id column="id" jdbcType="VARCHAR" property="id"/>
        <result column="username" jdbcType="VARCHAR" property="username"/>
        <result column="password" jdbcType="VARCHAR" property="password"/>
        <result column="start_time" jdbcType="TIMESTAMP" property="startTime"/>
        <result column="stop_time" jdbcType="TIMESTAMP" property="stopTime"/>
        <result column="status" jdbcType="VARCHAR" property="status"/>
        <result column="created_by" jdbcType="CHAR" property="createdBy"/>
        <result column="creation_date" jdbcType="TIMESTAMP" property="creationDate"/>
        <result column="last_updated_by" jdbcType="CHAR" property="lastUpdatedBy"/>
        <result column="last_update_date" jdbcType="TIMESTAMP" property="lastUpdateDate"/>
    </resultMap>
    <!-- 根据用户名查找用户信息 -->
    <select id="queryUserList" parameterType="com.sisp.entity.UserEntity" resultMap="BaseResultMap">
        SELECT * FROM user_info
        where status = '1'
            <if test="username != null and username != ''">
                and username = #{username}
            </if>

    </select>
    <delete id="deleteUserById" parameterType="com.sisp.entity.UserEntity">
        <!--
              WARNING - @mbg.generated
              This element is automatically generated by MyBatis Generator, do not modify.
             -->
        delete from user_info where id = #{id,jdbcType=VARCHAR}
    </delete>
    <delete id="deleteUserByName" parameterType="com.sisp.entity.UserEntity">
        delete from user_info where username = #{username}
    </delete>
    <insert id="insert" parameterType="com.sisp.entity.UserEntity">
        <!--
              WARNING - @mbg.generated
              This element is automatically generated by MyBatis Generator, do not modify.
             -->
        insert into user_info (id, username, password, start_time, stop_time, status, created_by, creation_date, last_updated_by, last_update_date) values (#{id,jdbcType=VARCHAR}, #{username,jdbcType=VARCHAR}, #{password,jdbcType=VARCHAR}, #{startTime,jdbcType=TIMESTAMP}, #{stopTime,jdbcType=TIMESTAMP}, #{status,jdbcType=VARCHAR}, #{createdBy,jdbcType=CHAR}, #{creationDate,jdbcType=TIMESTAMP}, #{lastUpdatedBy,jdbcType=CHAR}, #{lastUpdateDate,jdbcType=TIMESTAMP})
    </insert>
    <update id="updateByPrimaryKeySelective" parameterType="com.sisp.entity.UserEntity">
        <!--
              WARNING - @mbg.generated
              This element is automatically generated by MyBatis Generator, do not modify.
             -->
        update user_info
        <set>
            <if test="username != null"> username = #{username,jdbcType=VARCHAR}, </if>
            <if test="password != null"> password = #{password,jdbcType=VARCHAR}, </if>
            <if test="startTime != null"> start_time = #{startTime,jdbcType=TIMESTAMP}, </if>
            <if test="stopTime != null"> stop_time = #{stopTime,jdbcType=TIMESTAMP}, </if>
            <if test="status != null"> status = #{status,jdbcType=VARCHAR}, </if>
            <if test="createdBy != null"> created_by = #{createdBy,jdbcType=CHAR}, </if>
            <if test="creationDate != null"> creation_date = #{creationDate,jdbcType=TIMESTAMP}, </if>
            <if test="lastUpdatedBy != null"> last_updated_by = #{lastUpdatedBy,jdbcType=CHAR}, </if>
            <if test="lastUpdateDate != null"> last_update_date = #{lastUpdateDate,jdbcType=TIMESTAMP}, </if>
        </set>
        where id = #{id,jdbcType=VARCHAR}
    </update>
    <!-- 根据用户名查找用户信息 -->
    <select id="selectUserInfo" parameterType="com.sisp.entity.UserEntity" resultMap="BaseResultMap">
        SELECT id,username,`password`,status FROM user_info WHERE username = #{username,jdbcType=VARCHAR} and `password` = #{password,jdbcType=VARCHAR} AND status = '1'
    </select>
</mapper>